iter	Accuracy	MultiClass
0	0.6230769231	1.094061211
1	0.6346153846	1.089450468
2	0.6076923077	1.08512767
3	0.6153846154	1.080490334
4	0.6	1.075598491
5	0.5961538462	1.071345611
6	0.5961538462	1.067050336
7	0.5923076923	1.062841584
8	0.5961538462	1.058280861
9	0.6	1.053611928
10	0.5961538462	1.049314496
11	0.5961538462	1.045333837
12	0.5961538462	1.041338995
13	0.5961538462	1.036798192
14	0.5961538462	1.032629019
15	0.5961538462	1.02858307
