iter	Accuracy	MultiClass
0	0.765625	1.081743705
1	0.75	1.065656709
2	0.765625	1.048177976
3	0.765625	1.029344446
4	0.75	1.014520377
5	0.75	0.9983380241
6	0.75	0.9867108128
7	0.75	0.9691249637
8	0.75	0.9544821721
9	0.75	0.9412506073
10	0.75	0.9312856693
